username,firstname,lastname,password,accesslevel
Agent1,agent,1,Agent@1,Agent
Agent2,agent,2,Agent@2,Agent
Agent3,agent,3,Agent@3,Agent
Agent4,agent,4,Agent@4,Agent
Agent5,agent,5,Agent@5,Agent
Agent6,agent,6,Agent@6,Agent
Agent7,agent,7,Agent@7,Agent
Agent8,agent,8,Agent@8,Agent
Agent9,agent,9,Agent@9,Agent
Agent10,agent,10,Agent@10,Agent
Agent11,agent,11,Agent@11,Agent
Agent12,agent,12,Agent@12,Agent
Agent13,agent,13,Agent@13,Agent
Agent14,agent,14,Agent@14,Agent
Agent15,agent,15,Agent@15,Agent
Agent16,agent,16,Agent@16,Agent
Agent17,agent,17,Agent@17,Agent
Agent18,agent,18,Agent@18,Agent
Agent19,agent,19,Agent@19,Agent
Agent20,agent,20,Agent@20,Agent
Agent21,agent,21,Agent@21,Agent
Agent22,agent,22,Agent@22,Agent
Agent23,agent,23,Agent@23,Agent
Agent24,agent,24,Agent@24,Agent
Agent25,agent,25,Agent@25,Agent
Agent26,agent,26,Agent@26,Agent
Agent27,agent,27,Agent@27,Agent
Agent28,agent,28,Agent@28,Agent
Agent29,agent,29,Agent@29,Agent
